scenario,balls,mode,sample,iterations,ms_per_step,impacts
default_free_fall,3,filtered,0,32,0.00074734375,0
default_free_fall,3,all_pairs,0,32,0.00038671875,0
default_free_fall,3,filtered,1,32,0.00063675,0
default_free_fall,3,all_pairs,1,32,0.0003893125,0
default_free_fall,3,filtered,2,32,0.00062103125,0
default_free_fall,3,all_pairs,2,32,0.00038275,0
default_free_fall,3,filtered,3,32,0.00062253125,0
default_free_fall,3,all_pairs,3,32,0.00038021875,0
default_free_fall,3,filtered,4,32,0.00069140625,0
default_free_fall,3,all_pairs,4,32,0.00038153125,0
default_free_fall,3,filtered,5,32,0.00062109375,0
default_free_fall,3,all_pairs,5,32,0.000384125,0
default_free_fall,3,filtered,6,32,0.00061975,0
default_free_fall,3,all_pairs,6,32,0.00038671875,0
default_first_impact,3,filtered,0,32,0.0012955625,1
default_first_impact,3,all_pairs,0,32,0.0007121875,1
default_first_impact,3,filtered,1,32,0.00122003125,1
default_first_impact,3,all_pairs,1,32,0.000703125,1
default_first_impact,3,filtered,2,32,0.001221375,1
default_first_impact,3,all_pairs,2,32,0.000761625,1
default_first_impact,3,filtered,3,32,0.00130346875,1
default_first_impact,3,all_pairs,3,32,0.00069790625,1
default_first_impact,3,filtered,4,32,0.0012213125,1
default_first_impact,3,all_pairs,4,32,0.000694,1
default_first_impact,3,filtered,5,32,0.0012291875,1
default_first_impact,3,all_pairs,5,32,0.000696625,1
default_first_impact,3,filtered,6,32,0.0012188125,1
default_first_impact,3,all_pairs,6,32,0.00070053125,1
free_fall,100,filtered,0,32,0.01850521875,0
free_fall,100,all_pairs,0,32,0.05075803125,0
free_fall,100,filtered,1,32,0.01728271875,0
free_fall,100,all_pairs,1,32,0.054625,0
free_fall,100,filtered,2,32,0.0174700625,0
free_fall,100,all_pairs,2,32,0.0482305625,0
free_fall,100,filtered,3,32,0.0193385625,0
free_fall,100,all_pairs,3,32,0.050338625,0
free_fall,100,filtered,4,32,0.017676875,0
free_fall,100,all_pairs,4,32,0.052006625,0
free_fall,100,filtered,5,32,0.01839065625,0
free_fall,100,all_pairs,5,32,0.0525508125,0
free_fall,100,filtered,6,32,0.017416625,0
free_fall,100,all_pairs,6,32,0.04744659375,0
free_fall,1000,filtered,0,2,0.2661665,0
free_fall,1000,all_pairs,0,2,4.1120415,0
free_fall,1000,filtered,1,2,0.306,0
free_fall,1000,all_pairs,1,2,4.0145,0
free_fall,1000,filtered,2,2,0.2193335,0
free_fall,1000,all_pairs,2,2,4.0329585,0
free_fall,1000,filtered,3,2,0.2484585,0
free_fall,1000,all_pairs,3,2,4.0314165,0
free_fall,1000,filtered,4,2,0.226875,0
free_fall,1000,all_pairs,4,2,4.0657915,0
free_fall,1000,filtered,5,2,0.2241455,0
free_fall,1000,all_pairs,5,2,4.0402915,0
free_fall,1000,filtered,6,2,0.217354,0
free_fall,1000,all_pairs,6,2,4.11375,0
free_fall,5000,filtered,0,1,2.7255,0
free_fall,5000,all_pairs,0,1,99.848167,0
free_fall,5000,filtered,1,1,2.257042,0
free_fall,5000,all_pairs,1,1,99.229834,0
free_fall,5000,filtered,2,1,2.167583,0
free_fall,5000,all_pairs,2,1,98.770666,0
free_fall,5000,filtered,3,1,2.704125,0
free_fall,5000,all_pairs,3,1,100.135167,0
free_fall,5000,filtered,4,1,2.343791,0
free_fall,5000,all_pairs,4,1,100.9955,0
free_fall,5000,filtered,5,1,2.702959,0
free_fall,5000,all_pairs,5,1,101.991542,0
free_fall,5000,filtered,6,1,2.560417,0
free_fall,5000,all_pairs,6,1,102.520666,0
free_fall,10000,filtered,0,1,7.787084,0
free_fall,10000,all_pairs,0,1,406.067958,0
free_fall,10000,filtered,1,1,7.563375,0
free_fall,10000,all_pairs,1,1,403.019584,0
free_fall,10000,filtered,2,1,7.116709,0
free_fall,10000,all_pairs,2,1,404.45475,0
free_fall,10000,filtered,3,1,7.552583,0
free_fall,10000,all_pairs,3,1,402.09,0
free_fall,10000,filtered,4,1,7.040417,0
free_fall,10000,all_pairs,4,1,395.976833,0
free_fall,10000,filtered,5,1,7.539375,0
free_fall,10000,all_pairs,5,1,396.562584,0
free_fall,10000,filtered,6,1,7.08125,0
free_fall,10000,all_pairs,6,1,396.668125,0
simultaneous_impacts,100,filtered,0,32,0.04041528125,50
simultaneous_impacts,100,all_pairs,0,32,0.0988060625,50
simultaneous_impacts,100,filtered,1,32,0.0390976875,50
simultaneous_impacts,100,all_pairs,1,32,0.10145965625,50
simultaneous_impacts,100,filtered,2,32,0.03703528125,50
simultaneous_impacts,100,all_pairs,2,32,0.10102471875,50
simultaneous_impacts,100,filtered,3,32,0.03779284375,50
simultaneous_impacts,100,all_pairs,3,32,0.10307040625,50
simultaneous_impacts,100,filtered,4,32,0.03381628125,50
simultaneous_impacts,100,all_pairs,4,32,0.098798125,50
simultaneous_impacts,100,filtered,5,32,0.0350390625,50
simultaneous_impacts,100,all_pairs,5,32,0.100398375,50
simultaneous_impacts,100,filtered,6,32,0.035576875,50
simultaneous_impacts,100,all_pairs,6,32,0.101364625,50
simultaneous_impacts,1000,filtered,0,2,0.5332085,500
simultaneous_impacts,1000,all_pairs,0,2,8.329583,500
simultaneous_impacts,1000,filtered,1,2,0.5240625,500
simultaneous_impacts,1000,all_pairs,1,2,8.4395625,500
simultaneous_impacts,1000,filtered,2,2,0.4689375,500
simultaneous_impacts,1000,all_pairs,2,2,8.350479,500
simultaneous_impacts,1000,filtered,3,2,0.4613955,500
simultaneous_impacts,1000,all_pairs,3,2,8.4016045,500
simultaneous_impacts,1000,filtered,4,2,0.4891665,500
simultaneous_impacts,1000,all_pairs,4,2,8.26225,500
simultaneous_impacts,1000,filtered,5,2,0.5333125,500
simultaneous_impacts,1000,all_pairs,5,2,8.7600415,500
simultaneous_impacts,1000,filtered,6,2,0.513104,500
simultaneous_impacts,1000,all_pairs,6,2,8.685916,500
simultaneous_impacts,5000,filtered,0,1,5.17275,2500
simultaneous_impacts,5000,all_pairs,0,1,208.619458,2500
simultaneous_impacts,5000,filtered,1,1,5.375375,2500
simultaneous_impacts,5000,all_pairs,1,1,209.559625,2500
simultaneous_impacts,5000,filtered,2,1,4.868084,2500
simultaneous_impacts,5000,all_pairs,2,1,208.848,2500
simultaneous_impacts,5000,filtered,3,1,5.295875,2500
simultaneous_impacts,5000,all_pairs,3,1,207.678792,2500
simultaneous_impacts,5000,filtered,4,1,4.835833,2500
simultaneous_impacts,5000,all_pairs,4,1,209.100875,2500
simultaneous_impacts,5000,filtered,5,1,5.445917,2500
simultaneous_impacts,5000,all_pairs,5,1,212.078834,2500
simultaneous_impacts,5000,filtered,6,1,5.122208,2500
simultaneous_impacts,5000,all_pairs,6,1,215.148667,2500
simultaneous_impacts,10000,filtered,0,1,16.8875,5000
simultaneous_impacts,10000,all_pairs,0,1,858.555,5000
simultaneous_impacts,10000,filtered,1,1,15.933541,5000
simultaneous_impacts,10000,all_pairs,1,1,840.275708,5000
simultaneous_impacts,10000,filtered,2,1,15.30225,5000
simultaneous_impacts,10000,all_pairs,2,1,841.322208,5000
simultaneous_impacts,10000,filtered,3,1,16.513666,5000
simultaneous_impacts,10000,all_pairs,3,1,843.434,5000
simultaneous_impacts,10000,filtered,4,1,15.789208,5000
simultaneous_impacts,10000,all_pairs,4,1,838.225084,5000
simultaneous_impacts,10000,filtered,5,1,16.181,5000
simultaneous_impacts,10000,all_pairs,5,1,843.116375,5000
simultaneous_impacts,10000,filtered,6,1,16.096542,5000
simultaneous_impacts,10000,all_pairs,6,1,852.966833,5000
staggered_impacts,100,filtered,0,32,0.23517821875,50
staggered_impacts,100,all_pairs,0,32,0.69790221875,50
staggered_impacts,100,filtered,1,32,0.232605375,50
staggered_impacts,100,all_pairs,1,32,0.69735415625,50
staggered_impacts,100,filtered,2,32,0.23153521875,50
staggered_impacts,100,all_pairs,2,32,0.682002625,50
staggered_impacts,100,filtered,3,32,0.23327071875,50
staggered_impacts,100,all_pairs,3,32,0.6874153125,50
staggered_impacts,100,filtered,4,32,0.22536328125,50
staggered_impacts,100,all_pairs,4,32,0.68161321875,50
staggered_impacts,100,filtered,5,32,0.23089578125,50
staggered_impacts,100,all_pairs,5,32,0.68021740625,50
staggered_impacts,100,filtered,6,32,0.22562259375,50
staggered_impacts,100,all_pairs,6,32,0.66833334375,50
staggered_impacts,1000,filtered,0,2,3.5367915,500
staggered_impacts,1000,all_pairs,0,2,57.520958,500
staggered_impacts,1000,filtered,1,2,3.495479,500
staggered_impacts,1000,all_pairs,1,2,57.853604,500
staggered_impacts,1000,filtered,2,2,3.299583,500
staggered_impacts,1000,all_pairs,2,2,57.553792,500
staggered_impacts,1000,filtered,3,2,3.4242915,500
staggered_impacts,1000,all_pairs,3,2,58.2260625,500
staggered_impacts,1000,filtered,4,2,3.5370835,500
staggered_impacts,1000,all_pairs,4,2,58.312271,500
staggered_impacts,1000,filtered,5,2,3.3155415,500
staggered_impacts,1000,all_pairs,5,2,57.7124585,500
staggered_impacts,1000,filtered,6,2,3.2387295,500
staggered_impacts,1000,all_pairs,6,2,57.8387295,500
staggered_impacts,5000,filtered,0,1,32.488916,2500
staggered_impacts,5000,all_pairs,0,1,1476.8755,2500
staggered_impacts,5000,filtered,1,1,33.364875,2500
staggered_impacts,5000,all_pairs,1,1,1474.528042,2500
staggered_impacts,5000,filtered,2,1,33.56975,2500
staggered_impacts,5000,all_pairs,2,1,1466.546667,2500
staggered_impacts,5000,filtered,3,1,35.072417,2500
staggered_impacts,5000,all_pairs,3,1,1451.209,2500
staggered_impacts,5000,filtered,4,1,34.902834,2500
staggered_impacts,5000,all_pairs,4,1,1469.08275,2500
staggered_impacts,5000,filtered,5,1,33.190458,2500
staggered_impacts,5000,all_pairs,5,1,1464.36075,2500
staggered_impacts,5000,filtered,6,1,32.942083,2500
staggered_impacts,5000,all_pairs,6,1,1463.264333,2500
staggered_impacts,10000,filtered,0,1,92.453292,5000
staggered_impacts,10000,all_pairs,0,1,5752.86925,5000
staggered_impacts,10000,filtered,1,1,93.179333,5000
staggered_impacts,10000,all_pairs,1,1,5742.975542,5000
staggered_impacts,10000,filtered,2,1,93.263542,5000
staggered_impacts,10000,all_pairs,2,1,5766.537834,5000
staggered_impacts,10000,filtered,3,1,93.672583,5000
staggered_impacts,10000,all_pairs,3,1,5829.496833,5000
staggered_impacts,10000,filtered,4,1,92.10975,5000
staggered_impacts,10000,all_pairs,4,1,5769.711583,5000
staggered_impacts,10000,filtered,5,1,92.18375,5000
staggered_impacts,10000,all_pairs,5,1,5773.952709,5000
staggered_impacts,10000,filtered,6,1,92.086917,5000
staggered_impacts,10000,all_pairs,6,1,5851.388875,5000
overlap_corrections,100,filtered,0,32,0.03721878125,0
overlap_corrections,100,all_pairs,0,32,0.05801815625,0
overlap_corrections,100,filtered,1,32,0.03841278125,0
overlap_corrections,100,all_pairs,1,32,0.05894921875,0
overlap_corrections,100,filtered,2,32,0.03917721875,0
overlap_corrections,100,all_pairs,2,32,0.05954953125,0
overlap_corrections,100,filtered,3,32,0.038444,0
overlap_corrections,100,all_pairs,3,32,0.05929678125,0
overlap_corrections,100,filtered,4,32,0.03797140625,0
overlap_corrections,100,all_pairs,4,32,0.0585820625,0
overlap_corrections,100,filtered,5,32,0.03833734375,0
overlap_corrections,100,all_pairs,5,32,0.058908875,0
overlap_corrections,100,filtered,6,32,0.0376744375,0
overlap_corrections,100,all_pairs,6,32,0.05851965625,0
overlap_corrections,1000,filtered,0,2,1.1528125,0
overlap_corrections,1000,all_pairs,0,2,4.7534585,0
overlap_corrections,1000,filtered,1,2,1.1701875,0
overlap_corrections,1000,all_pairs,1,2,4.765041,0
overlap_corrections,1000,filtered,2,2,1.152729,0
overlap_corrections,1000,all_pairs,2,2,4.741375,0
overlap_corrections,1000,filtered,3,2,1.1280415,0
overlap_corrections,1000,all_pairs,3,2,4.7358955,0
overlap_corrections,1000,filtered,4,2,1.130979,0
overlap_corrections,1000,all_pairs,4,2,4.7357915,0
overlap_corrections,1000,filtered,5,2,1.135479,0
overlap_corrections,1000,all_pairs,5,2,4.741959,0
overlap_corrections,1000,filtered,6,2,1.135771,0
overlap_corrections,1000,all_pairs,6,2,4.756729,0
overlap_corrections,5000,filtered,0,1,22.047292,0
overlap_corrections,5000,all_pairs,0,1,116.569875,0
overlap_corrections,5000,filtered,1,1,22.2085,0
overlap_corrections,5000,all_pairs,1,1,116.478959,0
overlap_corrections,5000,filtered,2,1,21.681333,0
overlap_corrections,5000,all_pairs,2,1,119.485333,0
overlap_corrections,5000,filtered,3,1,22.360291,0
overlap_corrections,5000,all_pairs,3,1,117.645792,0
overlap_corrections,5000,filtered,4,1,22.151792,0
overlap_corrections,5000,all_pairs,4,1,118.068708,0
overlap_corrections,5000,filtered,5,1,22.2695,0
overlap_corrections,5000,all_pairs,5,1,116.947084,0
overlap_corrections,5000,filtered,6,1,21.9355,0
overlap_corrections,5000,all_pairs,6,1,116.880459,0
overlap_corrections,10000,filtered,0,1,83.859542,0
overlap_corrections,10000,all_pairs,0,1,472.489958,0
overlap_corrections,10000,filtered,1,1,86.410292,0
overlap_corrections,10000,all_pairs,1,1,483.370709,0
overlap_corrections,10000,filtered,2,1,83.800583,0
overlap_corrections,10000,all_pairs,2,1,471.9085,0
overlap_corrections,10000,filtered,3,1,85.094542,0
overlap_corrections,10000,all_pairs,3,1,484.065041,0
overlap_corrections,10000,filtered,4,1,84.833667,0
overlap_corrections,10000,all_pairs,4,1,470.352792,0
overlap_corrections,10000,filtered,5,1,83.358208,0
overlap_corrections,10000,all_pairs,5,1,468.910125,0
overlap_corrections,10000,filtered,6,1,83.329542,0
overlap_corrections,10000,all_pairs,6,1,468.044417,0
resting_floor,100,filtered,0,32,0.00989453125,0
resting_floor,100,all_pairs,0,32,0.043625125,0
resting_floor,100,filtered,1,32,0.00959903125,0
resting_floor,100,all_pairs,1,32,0.04424471875,0
resting_floor,100,filtered,2,32,0.00956503125,0
resting_floor,100,all_pairs,2,32,0.04554028125,0
resting_floor,100,filtered,3,32,0.01014459375,0
resting_floor,100,all_pairs,3,32,0.0422826875,0
resting_floor,100,filtered,4,32,0.010748625,0
resting_floor,100,all_pairs,4,32,0.04272784375,0
resting_floor,100,filtered,5,32,0.009988125,0
resting_floor,100,all_pairs,5,32,0.04317965625,0
resting_floor,100,filtered,6,32,0.00978390625,0
resting_floor,100,all_pairs,6,32,0.0429010625,0
resting_floor,1000,filtered,0,2,0.156312,0
resting_floor,1000,all_pairs,0,2,4.0377085,0
resting_floor,1000,filtered,1,2,0.1724795,0
resting_floor,1000,all_pairs,1,2,4.0581665,0
resting_floor,1000,filtered,2,2,0.1604375,0
resting_floor,1000,all_pairs,2,2,4.06525,0
resting_floor,1000,filtered,3,2,0.1621255,0
resting_floor,1000,all_pairs,3,2,4.044437,0
resting_floor,1000,filtered,4,2,0.1617285,0
resting_floor,1000,all_pairs,4,2,4.056792,0
resting_floor,1000,filtered,5,2,0.167542,0
resting_floor,1000,all_pairs,5,2,4.0739165,0
resting_floor,1000,filtered,6,2,0.1542915,0
resting_floor,1000,all_pairs,6,2,4.0593335,0
resting_floor,5000,filtered,0,1,1.441958,0
resting_floor,5000,all_pairs,0,1,101.057833,0
resting_floor,5000,filtered,1,1,1.463416,0
resting_floor,5000,all_pairs,1,1,101.880917,0
resting_floor,5000,filtered,2,1,1.241208,0
resting_floor,5000,all_pairs,2,1,102.5975,0
resting_floor,5000,filtered,3,1,1.537625,0
resting_floor,5000,all_pairs,3,1,102.56625,0
resting_floor,5000,filtered,4,1,1.479292,0
resting_floor,5000,all_pairs,4,1,102.449,0
resting_floor,5000,filtered,5,1,1.231208,0
resting_floor,5000,all_pairs,5,1,102.401541,0
resting_floor,5000,filtered,6,1,1.429792,0
resting_floor,5000,all_pairs,6,1,102.079625,0
resting_floor,10000,filtered,0,1,4.397083,0
resting_floor,10000,all_pairs,0,1,413.520208,0
resting_floor,10000,filtered,1,1,4.482625,0
resting_floor,10000,all_pairs,1,1,413.487791,0
resting_floor,10000,filtered,2,1,4.172291,0
resting_floor,10000,all_pairs,2,1,407.56225,0
resting_floor,10000,filtered,3,1,4.7105,0
resting_floor,10000,all_pairs,3,1,404.968958,0
resting_floor,10000,filtered,4,1,3.938833,0
resting_floor,10000,all_pairs,4,1,404.702709,0
resting_floor,10000,filtered,5,1,4.398042,0
resting_floor,10000,all_pairs,5,1,407.060584,0
resting_floor,10000,filtered,6,1,4.269667,0
resting_floor,10000,all_pairs,6,1,404.761042,0
supported_stacks,3,filtered,0,32,0.00451690625,0
supported_stacks,3,all_pairs,0,32,0.0024010625,0
supported_stacks,3,filtered,1,32,0.004285125,0
supported_stacks,3,all_pairs,1,32,0.00247903125,0
supported_stacks,3,filtered,2,32,0.00480725,0
supported_stacks,3,all_pairs,2,32,0.00248825,0
supported_stacks,3,filtered,3,32,0.00400253125,0
supported_stacks,3,all_pairs,3,32,0.00230853125,0
supported_stacks,3,filtered,4,32,0.0042590625,0
supported_stacks,3,all_pairs,4,32,0.00240365625,0
supported_stacks,3,filtered,5,32,0.00394671875,0
supported_stacks,3,all_pairs,5,32,0.002416625,0
supported_stacks,3,filtered,6,32,0.00437884375,0
supported_stacks,3,all_pairs,6,32,0.0025559375,0
supported_stacks,99,filtered,0,32,0.299220125,0
supported_stacks,99,all_pairs,0,32,0.70489971875,0
supported_stacks,99,filtered,1,32,0.2867108125,0
supported_stacks,99,all_pairs,1,32,0.70496875,0
supported_stacks,99,filtered,2,32,0.28763684375,0
supported_stacks,99,all_pairs,2,32,0.703149625,0
supported_stacks,99,filtered,3,32,0.29404175,0
supported_stacks,99,all_pairs,3,32,0.68168090625,0
supported_stacks,99,filtered,4,32,0.28649596875,0
supported_stacks,99,all_pairs,4,32,0.6889465,0
supported_stacks,99,filtered,5,32,0.29375515625,0
supported_stacks,99,all_pairs,5,32,0.68879815625,0
supported_stacks,99,filtered,6,32,0.28683978125,0
supported_stacks,99,all_pairs,6,32,0.6965548125,0
supported_stacks,999,filtered,0,2,13.852417,0
supported_stacks,999,all_pairs,0,2,66.7846875,0
supported_stacks,999,filtered,1,2,13.7966875,0
supported_stacks,999,all_pairs,1,2,66.180063,0
supported_stacks,999,filtered,2,2,13.8467505,0
supported_stacks,999,all_pairs,2,2,67.51925,0
supported_stacks,999,filtered,3,2,19.6133755,0
supported_stacks,999,all_pairs,3,2,65.4802705,0
supported_stacks,999,filtered,4,2,15.072312,0
supported_stacks,999,all_pairs,4,2,66.858208,0
supported_stacks,999,filtered,5,2,14.131729,0
supported_stacks,999,all_pairs,5,2,67.645479,0
supported_stacks,999,filtered,6,2,14.268063,0
supported_stacks,999,all_pairs,6,2,67.5706875,0
